index,COMM_CODE,CLASS,CLASS_CODE,NAME,SECTOR,SRG,COMM_STRUCTURE,CREATED_DT,MODIFIED_DT,RE_VALUE,RE_AREA,RE_UNIT_PRICE,NR_VALUE,NR_AREA,NR_UNIT_PRICE,FL_VALUE,FL_AREA,FL_UNIT_PRICE,attaction,commu_center,court,elementary,hospital,juniorhigh,library,phs_clinic,seniorhigh,social_dev_ctr,visitor_info,MALE,FEMALE,English,Eng_not_spk_oft_home,Population,Top_language,Top_language_num,Top_language_per,Top_2_language,Top_2_language_num,Top_2_language_per,Top_3_language,Top_3_language_num,Top_3_language_per,total_crime_counts,total_disorder_counts
13,BED,Residential,1,"BEDDINGTON HEIGHTS",NORTH,ESTABLISHED,1960s/1970s,2016/12/21,2020/10/22,375325.4716981132,423.483195754717,886.2818535909582,2431528.6885245903,8109.608196721312,299.8330658573184,NULL,NULL,NULL,0,1,0,2,0,0,0,0,1,0,0,"5,310.00","5,171.00",8635,2395,10481,Cantonese,910,0.08,Mandarin,310,0.03,Spanish,185,0.02,166,476
46,CHV,Residential,1,"COUNTRY HILLS VILLAGE",NORTH,COMPLETE,2000s,2016/12/21,2022/07/25,NULL,NULL,NULL,17612800,39898,441.44568650057647,NULL,NULL,NULL,0,0,0,0,0,0,1,0,1,0,0,"1,205.00","1,171.00",1835,345,2376,Cantonese,100,0.04,Mandarin,70,0.03,"Tagalog (Pilipino, Filipino)",25,0.01,156,201
90,BRE,Residential,1,BRENTWOOD,NORTHWEST,ESTABLISHED,1960s/1970s,2016/12/21,2023/01/17,584885.8366935484,551.7136592741934,1060.1257135141343,8303761.71875,18324.3125,453.1554304561221,NULL,NULL,NULL,0,1,0,5,0,2,1,0,1,0,0,"2,756.00","2,825.00",5325,960,5581,Mandarin,200,0.03,Cantonese,125,0.02,"Persian (Farsi)",70,0.01,237,628
93,CHW,Residential,1,CHARLESWOOD,NORTHWEST,ESTABLISHED,1950s,2016/12/21,2023/01/17,641007.5585789871,557.5307634164776,1149.725899699192,1533250,13585.246666666668,112.86140308089118,NULL,NULL,NULL,0,1,0,2,0,1,0,0,0,0,0,"3,561.00","3,864.00",3260,270,7425,Mandarin,45,0.01,German,45,0.01,Arabic,25,0.01,77,115
107,BLN,Residential,1,BELTLINE,CENTRE,ESTABLISHED,"CENTRE CITY",2016/12/21,2023/01/19,NULL,NULL,NULL,42860528.39784946,25199.10989247312,1700.8746967944194,NULL,NULL,NULL,2,1,0,3,0,2,1,1,3,0,1,"1,175.00","1,414.00",16555,3285,2589,Spanish,345,0.02,Mandarin,340,0.02,Russian,235,0.01,2265,7236
110,CHN,Residential,1,CHINATOWN,CENTRE,ESTABLISHED,"CENTRE CITY",2016/12/21,2023/02/22,NULL,NULL,NULL,1745294.972067039,3093.9111731843573,564.1063606460049,NULL,NULL,NULL,2,0,0,0,0,0,0,0,1,0,0,"3,699.00","3,688.00",615,860,7387,Cantonese,500,0.32,Mandarin,185,0.12,Amharic,30,0.02,120,154
112,ACA,Residential,1,ACADIA,SOUTH,ESTABLISHED,1960s/1970s,2016/12/21,2023/03/02,433786.875,532.5868333333333,814.4904226885069,5362746.036036036,39135.68468468468,137.02956979655673,NULL,NULL,NULL,0,1,0,8,0,6,0,1,3,0,0,204,189,8555,1255,393,"Tagalog (Pilipino, Filipino)",255,0.02,Spanish,160,0.02,Russian,75,0.01,424,1217
116,CAM,Residential,1,"CAMBRIAN HEIGHTS",CENTRE,ESTABLISHED,1950s,2016/12/21,2023/03/06,612921.3483146067,561.5254213483146,1091.5291187403093,1270940,5564.184,228.414444957248,NULL,NULL,NULL,0,1,0,2,0,0,0,0,0,0,0,"1,551.00","1,548.00",2055,95,3099,Spanish,45,0.02,Greek,10,0,0,0,0,48,89
118,CAP,Residential,1,"CAPITOL HILL",CENTRE,ESTABLISHED,1950s,2016/12/21,2023/03/06,605480.2725968437,422.4423959827833,1433.2848178938937,2453542.222222222,5737.830555555556,427.6079954725435,NULL,NULL,NULL,0,2,0,2,0,0,0,0,0,0,0,"13,040.00","11,302.00",3635,415,24342,Korean,80,0.02,Cantonese,65,0.02,Spanish,60,0.01,232,419
134,BNF,Residential,1,"BANFF TRAIL",CENTRE,ESTABLISHED,1950s,2016/12/21,2023/04/11,664405.0833995234,525.619221604448,1264.042592223764,3717187.5,4782.232142857143,777.291312708874,NULL,NULL,NULL,0,1,0,1,0,1,0,0,1,0,0,NULL,NULL,3210,460,0,Mandarin,135,0.04,Cantonese,105,0.03,Spanish,40,0.01,200,502
138,COP,"Major Park",3,"CANADA OLYMPIC PARK",WEST,NULL,OTHER,2016/12/21,2023/04/13,NULL,NULL,NULL,1360562.5,180000.0125,7.55868003064722,NULL,NULL,NULL,2,0,0,0,0,1,0,0,1,0,0,NULL,NULL,0,0,0,0,0,0,0,0,0,0,0,0,10,10
162,CAN,Residential,1,"CANYON MEADOWS",SOUTH,ESTABLISHED,1960s/1970s,2016/12/21,2023/06/01,542324.649250121,665.0126753749395,815.5102441383602,1625800.6451612904,7159.393548387097,227.0863634151748,NULL,NULL,NULL,0,1,0,3,0,1,0,0,1,0,0,"1,121.00","1,122.00",6615,980,0,Mandarin,215,0.03,Russian,110,0.01,Spanish,105,0.01,171,274
168,BRA,Residential,1,BRAESIDE,SOUTH,ESTABLISHED,1960s/1970s,2016/12/21,2023/06/01,434801.8400566171,600.8063694267516,723.6971213728565,3026326.086956522,9881.952173913043,306.247797367973,NULL,NULL,NULL,0,1,0,1,0,0,0,0,0,0,0,781,768,5110,660,0,Spanish,185,0.03,Mandarin,60,0.01,"Tagalog (Pilipino, Filipino)",45,0.01,101,232
169,BOW,Residential,1,BOWNESS,NORTHWEST,ESTABLISHED,1950s,2016/12/21,2023/06/01,463852.2113255299,675.8072445428662,686.3676219382521,1886572,8656.038367346939,217.94866426617185,1740,54630,0.0318506315211422,0,1,0,5,0,4,1,0,4,0,0,323,315,9880,690,0,"Tagalog (Pilipino, Filipino)",160,0.01,Arabic,50,0,Mandarin,40,0,418,1228
180,CLI,Residential,1,"CLIFF BUNGALOW",CENTRE,ESTABLISHED,"INNER CITY",2016/12/21,2023/06/12,1591650,944.96,1684.3570098205214,5064225.806451613,2532.717741935484,1999.5223796954056,NULL,NULL,NULL,0,1,0,1,0,0,0,0,1,0,0,"1,984.00","2,010.00",1715,135,0,Mandarin,40,0.02,Spanish,30,0.02,Finnish,10,0.01,216,743
181,ARB,Residential,1,"ARBOUR LAKE",NORTHWEST,ESTABLISHED,2000s,2020/06/23,2023/06/27,561150.1748251749,540.2977622377623,1038.5942975241053,5095057.045454546,11219.219696969696,454.13648926321656,NULL,NULL,NULL,0,1,0,2,0,2,1,0,1,0,0,340,345,7970,2180,0,Mandarin,425,0.04,Cantonese,360,0.03,Spanish,230,0.02,242,575
183,CIT,Residential,1,CITADEL,NORTHWEST,ESTABLISHED,1980s/1990s,2020/06/24,2023/06/27,466286.5961199295,448.5098059964727,1039.635231796017,902056.8181818182,8188.031818181818,110.167722623985,NULL,NULL,NULL,0,1,0,3,0,2,0,0,1,0,0,"3,117.00","2,928.00",7295,2185,0,Mandarin,370,0.04,Cantonese,280,0.03,Spanish,245,0.02,79,165
194,CIA,Industrial,2,"CALGARY INTERNATIONAL AIRPORT",NORTHEAST,NULL,OTHER,2016/12/21,2023/07/17,NULL,NULL,NULL,7141961.538461538,38051.71538461538,187.69092184866628,NULL,NULL,NULL,0,0,0,1,0,1,0,0,1,0,1,NULL,NULL,0,0,0,0,0,0,0,0,0,0,0,0,129,163
209,BRD,Residential,1,BRIDGELAND/RIVERSIDE,CENTRE,ESTABLISHED,"INNER CITY",2016/12/21,2023/07/24,703986.3429438543,398.58801213960544,1766.2004914921604,1936584,9275.528,208.7842330916364,NULL,NULL,NULL,1,1,0,3,0,2,0,0,1,1,0,"3,499.00","3,558.00",4615,645,0,Cantonese,100,0.02,Spanish,80,0.01,Arabic,65,0.01,353,1079
211,ALB,Residential,1,"ALBERT PARK/RADISSON HEIGHTS",EAST,ESTABLISHED,1950s,2016/12/21,2023/07/24,345562.78538812784,471.27671232876713,733.2481668371934,3251120.882352941,12047.220588235294,269.86480894421584,NULL,NULL,NULL,0,1,0,3,0,2,0,0,1,0,0,650,617,4565,1530,0,"Tagalog (Pilipino, Filipino)",375,0.06,Arabic,180,0.03,Vietnamese,130,0.02,372,1354
224,ABB,Residential,1,ABBEYDALE,NORTHEAST,ESTABLISHED,2000s,2016/12/21,2023/07/31,302865.03248671,399.1420555227407,758.7900806144307,1617076.923076923,15195.703846153843,106.41671747809288,NULL,NULL,NULL,0,1,0,3,0,1,0,0,1,0,0,"1,978.00","2,216.00",4420,1130,0,"Tagalog (Pilipino, Filipino)",260,0.04,Vietnamese,215,0.03,Arabic,120,0.02,140,433
249,CPF,Residential,1,COPPERFIELD,SOUTHEAST,DEVELOPING,"BUILDING OUT",2016/12/21,2024/01/03,435718.54444806254,375.9426896776295,1159.0025724976613,1291728.076923077,25353.629487179485,50.94844813348173,NULL,NULL,NULL,0,1,0,2,0,1,0,0,0,0,0,"2,057.00","2,140.00",10240,1755,0,"Tagalog (Pilipino, Filipino)",320,0.03,Spanish,220,0.02,Vietnamese,105,0.01,145,291
281,CHA,Residential,1,CHAPARRAL,SOUTH,COMPLETE,2010s,2020/10/08,2024/02/21,519059.1309130913,453.36031353135314,1144.91523722046,1111139.1666666667,26398.75462962963,42.09059034245267,NULL,NULL,NULL,0,1,0,2,0,0,0,0,0,0,0,"2,908.00","2,972.00",11680,1360,0,Mandarin,200,0.01,Spanish,165,0.01,Russian,140,0.01,90,280
310,CED,Residential,1,CEDARBRAE,SOUTH,ESTABLISHED,1960s/1970s,2016/12/21,2024/02/21,376742.5578831312,451.3633958103638,834.6768067152175,1603654.761904762,8998.342857142858,178.21667693310724,NULL,NULL,NULL,0,1,0,2,0,1,0,0,0,0,0,"4,806.00","4,335.00",5440,690,0,Spanish,130,0.02,"Tagalog (Pilipino, Filipino)",110,0.02,Russian,75,0.01,91,237
10,EDG,Residential,1,EDGEMONT,NORTHWEST,ESTABLISHED,1980s/1990s,2016/12/21,2020/10/22,604494.7995666305,580.393954496208,1041.5249760679235,1372621.7054263563,16953.674418604653,80.96308042344299,NULL,NULL,NULL,0,1,0,3,0,1,0,0,0,0,0,"3,273.00","3,549.00",10845,3855,6822,Mandarin,1240,0.08,Cantonese,1105,0.07,Korean,220,0.01,183,263
16,HUN,Residential,1,"HUNTINGTON HILLS",NORTH,ESTABLISHED,1960s/1970s,2016/12/21,2020/10/22,409891.2305516266,523.9385572842999,782.3269061857021,2177248.1300813006,10297.639837398374,211.43176149685257,NULL,NULL,NULL,0,1,0,6,0,2,1,1,2,1,0,"1,819.00","1,830.00",11035,2020,3649,Cantonese,670,0.05,Spanish,255,0.02,Mandarin,230,0.02,355,743
60,DRN,Residential,1,"DEER RUN",SOUTH,ESTABLISHED,1980s/1990s,2016/12/21,2022/12/23,436731.1348781937,547.0222816399287,798.3790597503798,781324.1379310344,16204.427586206895,48.21670705579828,NULL,NULL,NULL,0,1,0,1,0,0,0,0,0,0,0,"2,660.00","2,636.00",4815,215,5296,Cantonese,30,0.01,German,30,0.01,"Tagalog (Pilipino, Filipino)",25,0,61,123
64,HIW,Residential,1,HIGHWOOD,CENTRE,ESTABLISHED,1950s,2016/12/21,2023/01/12,504776.89486552565,544.9276283618582,926.3191451366996,1596666.6666666667,6155.858333333334,259.37352359473294,NULL,NULL,NULL,0,1,0,3,0,1,0,0,0,0,0,156,138,1900,105,294,Cantonese,35,0.02,Spanish,20,0.01,Mandarin,10,0,77,112
66,HPK,Residential,1,"HIGHLAND PARK",CENTRE,ESTABLISHED,1950s,2016/12/21,2023/01/12,524506.255585344,462.94200178731006,1132.984809242516,2835178.589285714,7999.107142857143,354.43688134836475,NULL,NULL,NULL,0,1,0,1,0,0,0,0,1,0,0,"2,401.00","2,323.00",3250,585,4724,Cantonese,225,0.06,Mandarin,60,0.01,"Tagalog (Pilipino, Filipino)",45,0.01,204,481
68,CRE,Residential,1,"CRESCENT HEIGHTS",CENTRE,ESTABLISHED,"INNER CITY",2016/12/21,2023/01/12,738938.2911392405,432.9371308016878,1706.8027631885434,2600529.7983870967,3339.1927419354843,778.7899649301947,NULL,NULL,NULL,0,1,0,0,0,1,0,0,2,0,0,"3,231.00","3,302.00",5025,630,6533,Cantonese,150,0.03,Mandarin,60,0.01,Arabic,30,0.01,401,791
75,GBK,Residential,1,GLENBROOK,WEST,ESTABLISHED,1950s,2016/12/21,2023/01/16,536729.4038847957,458.2609511051574,1171.2309385960143,3970135.714285714,10477.45,378.9219432481867,NULL,NULL,NULL,0,1,0,2,0,2,0,0,1,0,0,"6,735.00","6,628.00",5930,900,13363,"Tagalog (Pilipino, Filipino)",140,0.02,Arabic,100,0.01,Korean,90,0.01,204,384
78,GDL,Residential,1,GLENDALE,WEST,ESTABLISHED,1950s,2016/12/21,2023/01/16,605174.7835497835,621.0451298701298,974.4457438645964,2708953.125,11673.515625,232.0597506374606,NULL,NULL,NULL,0,1,0,3,0,1,0,0,0,0,0,"1,006.00","1,115.00",2545,255,2121,"Tagalog (Pilipino, Filipino)",80,0.03,Spanish,45,0.02,Polish,30,0.01,95,333
83,KIL,Residential,1,KILLARNEY/GLENGARRY,CENTRE,ESTABLISHED,1950s,2016/12/21,2023/01/16,648705.5322128851,383.9591036414566,1689.5172586366136,1529812.5,4085.1069444444447,374.4853000924428,NULL,NULL,NULL,0,1,0,2,0,0,0,0,0,0,0,"2,100.00","2,173.00",6505,685,4273,Spanish,120,0.02,"Tagalog (Pilipino, Filipino)",75,0.01,Russian,50,0.01,285,659
85,HIL,Residential,1,HILLHURST,CENTRE,ESTABLISHED,"INNER CITY",2016/12/21,2023/01/17,769765.2281368822,380.50427756654,2023.0133365643203,4514533.755274261,5690.264978902954,793.3784756970376,NULL,NULL,NULL,1,1,0,2,0,1,0,0,1,0,0,"7,479.00","6,721.00",4900,405,14200,Arabic,75,0.01,Spanish,70,0.01,Mandarin,40,0.01,462,896
92,DAL,Residential,1,DALHOUSIE,NORTHWEST,ESTABLISHED,1960s/1970s,2016/12/21,2023/01/17,517249.2049068605,650.8117219445706,794.7754895399909,2679649.491525424,9243.805084745763,289.8859795245373,NULL,NULL,NULL,0,1,0,3,0,1,0,0,0,0,0,"6,284.00","6,342.00",6825,1630,12626,Mandarin,480,0.05,Cantonese,195,0.02,"Tagalog (Pilipino, Filipino)",130,0.01,186,359
101,EYA,Residential,1,ELBOYA,CENTRE,ESTABLISHED,1950s,2016/12/21,2023/01/18,1152937.113402062,630.6876288659794,1828.0636255306351,1716648.2758620689,7174.886206896552,239.2579096532589,NULL,NULL,NULL,0,1,0,2,0,2,0,0,1,0,0,"1,386.00","1,716.00",1460,130,3102,Portuguese,45,0.03,Marathi,15,0.01,Japanese,10,0.01,68,105
108,DNC,Residential,1,"DOWNTOWN COMMERCIAL CORE",CENTRE,ESTABLISHED,"CENTRE CITY",2016/12/21,2023/01/19,NULL,NULL,NULL,44999535.74074074,3081.3381766381767,14603.893880235,NULL,NULL,NULL,10,0,9,0,0,0,0,0,0,0,3,"6,337.00","7,009.00",4230,2535,13346,Mandarin,260,0.03,Arabic,205,0.03,"Tagalog (Pilipino, Filipino)",200,0.03,1662,5402
113,HAY,Residential,1,HAYSBORO,SOUTH,ESTABLISHED,1950s,2016/12/21,2023/03/02,483226.872246696,570.2036343612335,847.4636833699375,3807914.731182796,7805.19247311828,487.8694208115386,NULL,NULL,NULL,0,1,0,4,0,3,0,0,1,0,0,719,687,6020,795,1406,Mandarin,115,0.02,Spanish,85,0.01,"Tagalog (Pilipino, Filipino)",75,0.01,283,898
120,FAI,Residential,1,FAIRVIEW,SOUTH,ESTABLISHED,1950s,2016/12/21,2023/03/06,421333.2006369427,525.0164012738853,802.5143588174225,2469719.6153846155,6389.319230769231,386.5387729401773,NULL,NULL,NULL,0,1,0,2,0,1,0,0,0,0,0,"2,235.00","2,337.00",3115,405,4572,"Tagalog (Pilipino, Filipino)",150,0.04,Cantonese,25,0.01,Spanish,25,0.01,115,280
127,EPK,Residential,1,"ELBOW PARK",CENTRE,ESTABLISHED,"INNER CITY",2016/12/21,2023/03/08,1527421.677419355,681.170564516129,2242.3483294589546,1489506.181818182,8206.907272727272,181.4942136324635,NULL,NULL,NULL,0,1,0,2,0,0,0,0,0,0,0,"1,318.00","1,376.00",3370,65,2694,Mandarin,15,0,Cantonese,10,0,Japanese,10,0,73,105
129,FLN,Residential,1,"FOREST LAWN",EAST,ESTABLISHED,1950s,2016/12/21,2023/03/08,313512.2033898305,539.0120677966102,581.6422713343231,2049284.7682119205,4203.662251655629,487.4998621511045,NULL,NULL,NULL,0,1,0,3,0,1,1,1,2,2,0,"1,901.00","2,059.00",5460,1360,3960,Vietnamese,250,0.03,Arabic,205,0.03,"Tagalog (Pilipino, Filipino)",185,0.02,534,2169
132,HOU,Residential,1,"HOUNSFIELD HEIGHTS/BRIAR HILL",CENTRE,ESTABLISHED,1950s,2016/12/21,2023/04/04,1097745.0218978105,646.8277372262773,1697.121132444248,2793513.698630137,10741.819178082193,260.0596465382767,NULL,NULL,NULL,0,1,0,1,0,0,1,1,0,0,0,605,420,2115,185,1025,Mandarin,50,0.02,Cantonese,30,0.01,Portuguese,25,0.01,180,466
143,GAW,Residential,1,"GARRISON WOODS",CENTRE,ESTABLISHED,"INNER CITY",2016/12/21,2023/04/13,722471.3584288053,362.9055646481178,1990.797135142668,5619277.777777778,10797.91111111111,520.404152243438,NULL,NULL,NULL,1,0,0,2,0,2,0,0,2,0,0,"3,114.00","3,113.00",2570,125,6227,Spanish,25,0.01,0,0,0,0,0,0,20,5
147,HIF,Industrial,2,HIGHFIELD,CENTRE,NULL,EMPLOYMENT,2016/12/21,2023/04/17,NULL,NULL,NULL,2451013.4524421594,8875.013881748071,276.1700978837674,NULL,NULL,NULL,1,0,0,0,0,0,0,0,1,0,0,NULL,NULL,0,0,0,0,0,0,0,0,0,0,0,0,151,149
161,ING,Residential,1,INGLEWOOD,CENTRE,ESTABLISHED,"INNER CITY",2016/12/21,2023/06/01,593611.1111111111,424.7334455667789,1397.608587943848,1482258.5714285714,8473.395555555557,174.9308835767419,NULL,NULL,NULL,2,1,0,2,0,1,0,0,1,0,0,"1,205.00","1,250.00",3620,115,2455,Spanish,20,0.01,Mandarin,15,0,Urdu,15,0,172,552
175,DDG,Residential,1,DOUGLASDALE/GLEN,SOUTHEAST,ESTABLISHED,1980s/1990s,2016/12/21,2023/06/01,510960.1939270222,522.1736922684358,978.5253479686046,5601688.582677165,31272.80944881889,179.12329213161655,NULL,NULL,NULL,0,0,0,2,0,1,1,0,0,0,0,"2,941.00","2,883.00",10790,1400,0,Spanish,255,0.02,"Tagalog (Pilipino, Filipino)",170,0.01,Cantonese,120,0.01,184,255
197,FHT,Residential,1,"FOREST HEIGHTS",EAST,ESTABLISHED,1960s/1970s,2016/12/21,2023/07/24,298137.6716808372,472.1399607586658,631.4603644261964,1478611.0638297873,5343.142553191489,276.7306035933113,NULL,NULL,NULL,0,1,0,1,0,0,0,0,0,0,0,"4,244.00","3,559.00",4000,1670,0,"Tagalog (Pilipino, Filipino)",485,0.08,Vietnamese,265,0.04,Arabic,170,0.03,237,779
198,DOV,Residential,1,DOVER,EAST,ESTABLISHED,1960s/1970s,2016/12/21,2023/07/24,304544.9890988372,430.1385174418605,708.0160849347812,1011818.0188679246,17686.974528301886,57.2069585586195,NULL,NULL,NULL,0,1,0,6,0,2,0,0,0,0,0,"1,547.00","1,648.00",8775,1380,0,Vietnamese,325,0.03,"Tagalog (Pilipino, Filipino)",185,0.02,Arabic,145,0.01,366,1157
201,ERI,Residential,1,"ERIN WOODS",EAST,ESTABLISHED,1980s/1990s,2016/12/21,2023/07/24,306714.3216080402,351.81743718592963,871.7996585426401,1102058.085106383,5561.934042553191,198.14296190403692,NULL,NULL,NULL,0,1,0,1,0,0,0,0,0,0,0,"1,365.00","1,397.00",5120,1470,0,Vietnamese,575,0.08,"Tagalog (Pilipino, Filipino)",310,0.04,Dinka,85,0.01,215,426
207,KEL,Residential,1,"KELVIN GROVE",SOUTH,ESTABLISHED,1960s/1970s,2016/12/21,2023/07/24,873858.5434173669,732.4378151260504,1193.0822321987546,6195636.363636363,11510.1,538.2782394276646,NULL,NULL,NULL,0,1,0,3,0,1,0,0,1,0,0,"3,125.00","3,283.00",1700,225,0,Spanish,45,0.02,Mandarin,35,0.02,"Persian (Farsi)",20,0.01,92,163
223,FAL,Residential,1,FALCONRIDGE,NORTHEAST,ESTABLISHED,1980s/1990s,2016/12/21,2023/07/31,305400.462962963,383.8560606060606,795.6119345381024,2541225.4901960786,7300.882352941177,348.07100941331294,NULL,NULL,NULL,0,1,0,4,0,3,0,0,2,0,0,"1,091.00","1,168.00",6085,3585,0,"Punjabi (Panjabi)",845,0.08,Urdu,420,0.04,"Tagalog (Pilipino, Filipino)",350,0.03,375,1159
233,GLA,Residential,1,GLAMORGAN,WEST,ESTABLISHED,1950s,2016/12/21,2024/01/03,530092.5,548.7544166666667,965.9922251195244,2670486.4864864866,8691.124324324324,307.2659401514313,NULL,NULL,NULL,0,1,0,2,0,1,0,0,0,0,0,226,196,5115,785,0,Arabic,165,0.03,Russian,80,0.01,Korean,70,0.01,182,390
302,GPK,"Major Park",3,"GLENMORE PARK",SOUTH,NULL,PARKS,2016/12/21,2024/02/21,NULL,NULL,NULL,8295151.785714285,331757.3857142857,25.00366877395818,NULL,NULL,NULL,1,0,0,1,0,1,0,0,0,0,0,NULL,NULL,0,0,0,0,0,0,0,0,0,0,0,0,25,42
3,MRT,Residential,1,MARTINDALE,NORTHEAST,ESTABLISHED,1980s/1990s,2016/12/21,2020/10/22,357670.2568351284,338.42612537972934,1056.8636107327893,4542955.555555556,11323.7,401.1900311343073,NULL,NULL,NULL,0,0,0,3,0,1,1,0,1,0,0,"5,827.00","5,926.00",5505,7405,11753,"Punjabi (Panjabi)",4240,0.28,"Tagalog (Pilipino, Filipino)",720,0.05,Urdu,470,0.03,327,566
38,NHV,Residential,1,"NORTH HAVEN",NORTH,ESTABLISHED,1960s/1970s,2016/12/21,2020/10/22,494264.7849462366,530.0244623655914,932.5320245413708,1095972.2222222222,6171.755555555556,177.5786828167026,NULL,NULL,NULL,0,1,0,1,0,0,0,0,0,0,0,846,841,2195,155,1687,Mandarin,35,0.01,"Tagalog (Pilipino, Filipino)",25,0.01,Burmese,15,0.01,44,84
57,QLD,Residential,1,QUEENSLAND,SOUTH,ESTABLISHED,1960s/1970s,2016/12/21,2022/12/23,372865.07936507935,512.6542568542569,727.3227021522258,1741047.619047619,11892.642857142857,146.39703217875797,NULL,NULL,NULL,0,1,0,2,0,1,0,0,0,0,0,"2,187.00","2,480.00",4170,355,4667,"Tagalog (Pilipino, Filipino)",70,0.01,Oromo,55,0.01,Cantonese,45,0.01,65,150
74,RDL,Residential,1,ROSEDALE,CENTRE,ESTABLISHED,"INNER CITY",2016/12/21,2023/01/16,1233762.3170731708,570.5381533101046,2162.453658734693,1441294,10147.572,142.0333849318832,NULL,NULL,NULL,0,1,0,1,0,1,0,0,0,0,0,"3,820.00","3,786.00",1545,60,7606,Mandarin,15,0.01,Cantonese,15,0.01,"Persian (Farsi)",10,0.01,37,82
76,RCK,Residential,1,ROSSCARROCK,WEST,ESTABLISHED,1950s,2016/12/21,2023/01/16,572249.269005848,457.4355263157895,1250.9943720698184,3332656.923076923,5074.638461538461,656.7279518207436,NULL,NULL,NULL,0,1,0,1,0,1,1,0,0,0,0,860,933,2520,840,1793,"Tagalog (Pilipino, Filipino)",235,0.07,Tibetan,75,0.02,Arabic,60,0.02,217,639
81,KIN,Residential,1,KINGSLAND,SOUTH,ESTABLISHED,1950s,2016/12/21,2023/01/16,479232.5581395349,546.1970284237726,877.3986916818546,3511941.6666666665,5586.666666666667,628.6291766109784,NULL,NULL,NULL,0,1,0,1,0,1,0,0,0,1,0,"3,974.00","4,067.00",3400,1040,8041,"Tagalog (Pilipino, Filipino)",215,0.05,Korean,130,0.03,Spanish,120,0.03,338,986
87,RAN,Residential,1,RANCHLANDS,NORTHWEST,ESTABLISHED,1960s/1970s,2020/06/23,2023/01/17,418781.914893617,527.528841607565,793.855959832342,1444120.3703703703,11021.65,131.0257874610762,NULL,NULL,NULL,0,1,0,3,0,1,0,1,0,0,0,"3,188.00","3,233.00",6120,1115,6421,Spanish,185,0.02,"Tagalog (Pilipino, Filipino)",105,0.01,Romanian,75,0.01,104,252
88,MON,Residential,1,MONTGOMERY,NORTHWEST,ESTABLISHED,1950s,2016/12/21,2023/01/17,529471.484375,475.533359375,1113.426584984262,2621149.802631579,27678.057236842105,94.70136506338967,NULL,NULL,NULL,0,1,0,1,0,1,0,0,1,1,0,927,"1,130.00",3505,370,2057,Spanish,55,0.01,"Tagalog (Pilipino, Filipino)",55,0.01,Vietnamese,30,0.01,245,651
89,PKD,Residential,1,PARKDALE,CENTRE,ESTABLISHED,1950s,2016/12/21,2023/01/17,836328.2828282828,446.2860028860029,1873.9738136979176,4213214.285714285,9613.710714285717,438.250578879346,NULL,NULL,NULL,0,1,0,2,0,1,0,0,1,0,0,"2,255.00","1,845.00",1740,50,4100,Mandarin,10,0.01,Spanish,10,0.01,0,0,0,80,127
117,MOP,Residential,1,"MOUNT PLEASANT",CENTRE,ESTABLISHED,"INNER CITY",2016/12/21,2023/03/06,686061.6666666666,414.4353333333333,1655.4130680620865,1719306.319148936,5521.351773049645,311.39228033632423,NULL,NULL,NULL,0,1,0,2,0,2,0,0,1,1,0,"4,072.00","4,312.00",4975,355,8384,Cantonese,70,0.01,Spanish,60,0.01,Mandarin,30,0.01,317,453
135,MAL,Residential,1,"MAYLAND HEIGHTS",NORTHEAST,ESTABLISHED,1960s/1970s,2016/12/21,2023/04/11,424009.3008338679,474.05753688261706,894.4258193259317,1785524.1860465116,11131.072093023256,160.40900383401922,NULL,NULL,NULL,0,1,0,4,0,1,0,0,0,0,0,309,286,5170,560,595,Somali,100,0.02,"Tagalog (Pilipino, Filipino)",95,0.02,Cantonese,55,0.01,225,634
136,REN,Residential,1,RENFREW,CENTRE,ESTABLISHED,"INNER CITY",2016/12/21,2023/04/11,627239.0350877193,461.9199874686717,1357.895419345239,1456229.3251533743,4961.077300613497,293.53086777609656,NULL,NULL,NULL,1,1,0,4,0,3,0,0,0,0,0,"9,775.00","10,061.00",5970,405,19836,Tigrigna,60,0.01,Cantonese,35,0.01,Spanish,35,0.01,308,506
144,RIC,Residential,1,RICHMOND,CENTRE,ESTABLISHED,1950s,2016/12/21,2023/04/13,738113.5362694301,428.933225388601,1720.8122210647605,2860158.823529412,5533.68,516.8637910991259,NULL,NULL,NULL,0,1,0,4,0,3,0,0,2,1,0,817,800,4205,415,1617,Spanish,85,0.02,"Persian (Farsi)",65,0.01,Cantonese,60,0.01,203,276
146,PAL,Residential,1,PALLISER,SOUTH,ESTABLISHED,1960s/1970s,2016/12/21,2023/04/13,577465.5532359082,676.329018789144,853.8234161085759,2497821.4285714286,10589.592857142856,235.87511458352307,NULL,NULL,NULL,0,1,0,1,0,0,0,0,0,0,0,"2,301.00","1,574.00",2790,505,3875,Mandarin,140,0.04,Spanish,55,0.02,Korean,35,0.01,81,93
150,OGD,Residential,1,OGDEN,SOUTHEAST,ESTABLISHED,1950s,2016/12/21,2023/04/17,324195.5229226361,473.38911174785096,684.8394161953554,1197008.9473684211,10455.346616541354,114.48773448358364,NULL,NULL,NULL,0,1,0,4,0,2,0,0,0,0,0,"5,730.00","5,748.00",7800,450,11478,"Tagalog (Pilipino, Filipino)",110,0.01,Spanish,40,0,Arabic,35,0,234,687
151,RIV,Residential,1,RIVERBEND,SOUTHEAST,ESTABLISHED,1980s/1990s,2016/12/21,2023/04/16,426449.8475609756,443.4433841463415,961.6782272711552,1189127.7931034483,12510.127586206896,95.05321068144238,NULL,NULL,NULL,0,1,0,2,0,0,0,0,0,0,0,"5,177.00","5,174.00",8140,1025,10351,"Tagalog (Pilipino, Filipino)",340,0.04,Vietnamese,140,0.01,Spanish,90,0.01,129,273
152,RAM,Residential,1,RAMSAY,CENTRE,ESTABLISHED,"INNER CITY",2016/12/21,2023/04/17,619852.7557160048,463.7646209386282,1336.567577021,6238912.851711026,100424.61368821294,62.125335837296845,NULL,NULL,NULL,0,1,0,2,0,1,0,0,1,0,0,"2,667.00","2,641.00",1925,90,5308,Dinka,35,0.02,Spanish,20,0.01,Italian,20,0.01,85,240
164,LKB,Residential,1,"LAKE BONAVISTA",SOUTH,ESTABLISHED,1960s/1970s,2016/12/21,2023/06/01,727160.1778050276,656.2774984671981,1108.0071760853953,2930480.3738317755,13533.55140186916,216.5344695426389,NULL,NULL,NULL,0,1,0,4,0,2,0,0,0,0,0,"5,168.00","5,422.00",9950,385,0,Cantonese,115,0.01,Spanish,50,0,Mandarin,25,0,248,353
170,MPL,Residential,1,"MAPLE RIDGE",SOUTH,ESTABLISHED,1960s/1970s,2016/12/21,2023/06/01,526456.0643564357,586.7368811881188,897.2609038831565,1638999.2857142857,79653.89642857143,20.576511121261174,NULL,NULL,NULL,0,1,0,2,0,1,0,0,0,0,0,"3,540.00","3,419.00",1975,0,0,0,0,0,0,0,0,0,0,0,62,98
172,PKL,Residential,1,PARKLAND,SOUTH,ESTABLISHED,1960s/1970s,2016/12/21,2023/06/01,601053.4266764922,639.9292557111274,939.249801930943,1071658.3333333333,13694.1375,78.25672360404833,NULL,NULL,NULL,0,1,0,2,0,0,0,0,0,0,0,"2,610.00","2,734.00",3610,120,0,Romanian,30,0.01,Dutch,25,0.01,Cantonese,15,0,41,73
173,NGM,Residential,1,"NORTH GLENMORE PARK",WEST,ESTABLISHED,1950s,2016/12/21,2023/06/01,714383.1877729257,581.0779475982533,1229.410255071041,2703604.8387096776,10169.593548387098,265.8518087124997,NULL,NULL,NULL,0,1,0,3,0,3,0,0,2,0,0,"3,473.00","3,506.00",2460,85,0,Cantonese,25,0.01,Polish,25,0.01,Russian,10,0,64,99
210,MRL,Residential,1,MARLBOROUGH,NORTHEAST,ESTABLISHED,1960s/1970s,2016/12/21,2023/07/24,338141.959798995,484.9719011725293,697.2403122355344,8623575,21451.7575,401.998530889602,NULL,NULL,NULL,0,1,0,4,0,1,0,0,0,0,0,"3,802.00","4,092.00",5180,2975,0,"Tagalog (Pilipino, Filipino)",670,0.07,Arabic,350,0.04,Cantonese,300,0.03,377,1194
215,PIN,Residential,1,PINERIDGE,NORTHEAST,ESTABLISHED,1960s/1970s,2016/12/21,2023/07/31,336560.16106110846,474.95248697299854,708.618588790003,3521720.363636364,9426.25090909091,373.6077468763249,NULL,NULL,NULL,0,1,0,4,0,1,1,1,1,0,0,747,891,7485,1825,0,Arabic,285,0.03,"Punjabi (Panjabi)",235,0.02,"Tagalog (Pilipino, Filipino)",155,0.02,349,1008
218,MOR,Residential,1,"MONTEREY PARK",NORTHEAST,ESTABLISHED,2000s,2016/12/21,2023/07/31,397046.2369895917,413.431224979984,960.368286185482,1497867.5757575757,35491.5,42.203557915488936,NULL,NULL,NULL,0,1,0,1,0,0,0,0,0,0,0,NULL,NULL,5085,4245,0,"Punjabi (Panjabi)",1330,0.12,Vietnamese,670,0.06,Cantonese,495,0.05,163,397
225,PEN,Residential,1,"PENBROOKE MEADOWS",EAST,ESTABLISHED,1960s/1970s,2016/12/21,2023/07/31,304062.1483375959,470.21575447570336,646.643897920071,859166.6666666666,5619.696296296297,152.88489294926967,NULL,NULL,NULL,0,1,0,4,0,0,0,0,0,0,0,282,275,5780,1975,0,Vietnamese,370,0.04,Arabic,290,0.03,Cantonese,250,0.03,275,807
227,MPK,Residential,1,"MARLBOROUGH PARK",NORTHEAST,ESTABLISHED,1960s/1970s,2016/12/21,2023/07/31,336062.20657277,486.4082159624413,690.9056951429444,2634138.867924528,8959.749056603774,293.99694693268657,NULL,NULL,NULL,0,1,0,4,0,2,0,0,0,0,0,NULL,NULL,6150,1875,0,Arabic,465,0.05,Spanish,220,0.02,Vietnamese,215,0.02,290,817
245,MCK,Residential,1,"MCKENZIE LAKE",SOUTHEAST,ESTABLISHED,1980s/1990s,2016/12/21,2024/01/03,529265.9048067861,514.5828934967012,1028.5338115503814,770568.0808080808,12626.323232323231,61.028699062244506,NULL,NULL,NULL,0,1,0,3,0,2,0,0,0,0,0,955,957,12645,890,0,"Tagalog (Pilipino, Filipino)",120,0.01,Russian,105,0.01,Cantonese,55,0,132,278
263,LKV,Residential,1,LAKEVIEW,WEST,ESTABLISHED,1960s/1970s,2016/12/21,2024/02/20,746483.2955832389,647.9920724801812,1151.9944877197092,1451348.4848484849,8313.551515151516,174.5762304116827,NULL,NULL,NULL,0,1,0,2,0,2,0,0,0,0,0,"4,436.00","4,326.00",5130,210,0,Mandarin,30,0.01,Spanish,20,0,Italian,20,0,89,119
294,OAK,Residential,1,OAKRIDGE,SOUTH,ESTABLISHED,1960s/1970s,2016/12/21,2024/02/21,559301.4577259475,660.7730612244899,846.4350176284372,2152200,9338.266,230.4710531912456,NULL,NULL,NULL,0,1,0,1,0,1,0,0,0,0,0,848,838,5145,450,0,Mandarin,65,0.01,Korean,50,0.01,Russian,45,0.01,90,140
303,MID,Residential,1,MIDNAPORE,SOUTH,ESTABLISHED,1960s/1970s,2016/12/21,2024/02/21,451323.85195339273,515.66559287183,875.2258405295047,3187702.02020202,13229.71414141414,240.9501812456609,NULL,NULL,NULL,0,1,0,4,0,2,0,0,0,0,0,"3,576.00","3,456.00",5895,520,0,"Tagalog (Pilipino, Filipino)",105,0.02,Spanish,55,0.01,Polish,55,0.01,157,346
8,RUN,Residential,1,RUNDLE,NORTHEAST,ESTABLISHED,1960s/1970s,2016/12/21,2020/10/22,357765.6518010292,491.6032161234991,727.752870744345,1574346.1538461538,7698.066666666666,204.51188876594392,NULL,NULL,NULL,0,1,0,4,0,2,0,0,0,0,0,"4,280.00","4,378.00",6350,3525,8658,"Tagalog (Pilipino, Filipino)",645,0.06,Arabic,445,0.04,"Punjabi (Panjabi)",410,0.04,376,1204
37,SUN,Industrial,2,SUNRIDGE,NORTHEAST,NULL,EMPLOYMENT,2016/12/21,2016/12/21,NULL,NULL,NULL,6213106.21761658,14373.422797927462,432.2635119668548,NULL,NULL,NULL,0,0,0,0,1,0,0,0,1,0,0,NULL,NULL,0,0,0,0,0,0,0,0,0,0,0,0,354,1200
62,THO,Residential,1,THORNCLIFFE,NORTH,ESTABLISHED,1950s,2016/12/21,2023/01/12,431596.82875264273,559.9327272727272,770.8012190229135,1353675.652173913,7798.021739130435,173.59218753920308,NULL,NULL,NULL,0,1,0,3,0,0,0,0,0,0,0,"2,341.00","2,403.00",6635,1565,4744,Cantonese,385,0.04,Mandarin,250,0.03,Arabic,155,0.02,263,662
65,TUX,Residential,1,"TUXEDO PARK",CENTRE,ESTABLISHED,"INNER CITY",2016/12/21,2023/01/12,567627.8724981467,399.61919940696816,1420.4219250238782,3033866.015544041,4385.6932642487045,691.7642964854637,NULL,NULL,NULL,0,1,0,2,0,2,0,0,2,0,0,"4,427.00","4,453.00",3990,865,8880,Cantonese,300,0.06,Mandarin,80,0.02,Spanish,80,0.02,336,677
69,WIN,Residential,1,"WINSTON HEIGHTS/MOUNTVIEW",CENTRE,ESTABLISHED,1950s,2016/12/21,2023/01/12,544033.4615384615,3849.025769230769,141.34315906312756,3117467.65625,28942.9515625,107.71077198253523,NULL,NULL,NULL,0,1,0,2,0,1,0,0,0,0,0,"5,846.00","5,678.00",3295,240,11524,Cantonese,60,0.02,Mandarin,30,0.01,Italian,25,0.01,206,403
77,WGT,Residential,1,WESTGATE,WEST,ESTABLISHED,1950s,2016/12/21,2023/01/16,549769.8123044838,556.1203336809176,988.5806704200148,2699500,9610.907692307692,280.8787771586451,NULL,NULL,NULL,0,1,0,1,0,1,0,0,0,0,0,"1,267.00","1,202.00",2930,245,2469,Spanish,70,0.02,Arabic,30,0.01,Polish,25,0.01,49,101
80,WIL,Residential,1,"WILLOW PARK",SOUTH,ESTABLISHED,1960s/1970s,2016/12/21,2023/01/16,620798.3008181246,682.1714285714285,910.032690929568,10084952.95774648,18318.450704225357,550.5352565334728,NULL,NULL,NULL,0,0,0,3,0,1,1,0,0,0,0,"3,303.00","3,584.00",4720,405,6887,"Tagalog (Pilipino, Filipino)",110,0.02,Spanish,35,0.01,Vietnamese,35,0.01,266,519
84,WLD,Residential,1,WILDWOOD,WEST,ESTABLISHED,1950s,2016/12/21,2023/01/16,750075.1445086705,609.2836223506744,1231.077148627119,3820218.7391304346,109356.41304347826,34.93365073716875,NULL,NULL,NULL,0,1,0,1,0,0,0,0,0,0,0,"1,828.00","1,814.00",2390,100,3642,Cantonese,35,0.01,Korean,15,0.01,Greek,10,0,65,92
86,UND,Residential,1,"UNIVERSITY DISTRICT",NORTHWEST,ESTABLISHED,OTHER,2016/12/21,2023/01/17,NULL,NULL,NULL,29662681.818181816,25485.636363636364,1163.8980245557211,NULL,NULL,NULL,0,0,0,1,1,1,0,0,1,0,0,"10,530.00","10,909.00",160,375,21439,Arabic,130,0.17,"Persian (Farsi)",85,0.11,Mandarin,50,0.07,20,19
98,SOC,Residential,1,"SOUTH CALGARY",CENTRE,ESTABLISHED,"INNER CITY",2016/12/21,2023/01/17,800361.1111111111,380.5031746031746,2103.42820909656,3429979.493670886,16286.332911392406,210.6047759389464,NULL,NULL,NULL,0,1,0,0,0,0,1,0,0,0,0,"1,692.00","1,532.00",3610,315,3224,Arabic,45,0.01,Spanish,40,0.01,"Persian (Farsi)",35,0.01,211,403
100,SNA,Residential,1,SUNALTA,CENTRE,ESTABLISHED,"INNER CITY",2016/12/21,2023/01/18,NULL,NULL,NULL,2731480.175257732,4158.544329896907,656.8356517496707,NULL,NULL,NULL,0,2,0,1,0,0,0,0,0,0,0,"1,173.00","1,181.00",2570,505,2354,Mandarin,95,0.03,Tigrigna,45,0.01,Amharic,40,0.01,266,768
119,SHG,Residential,1,SHAGANAPPI,CENTRE,ESTABLISHED,1950s,2016/12/21,2023/03/05,693620.3836930456,479.9136690647482,1445.3024125042475,3922937.5,77994.5125,50.29760907858742,NULL,NULL,NULL,0,1,0,1,0,0,0,0,0,0,0,"4,591.00","3,965.00",1120,245,8556,"Tagalog (Pilipino, Filipino)",90,0.06,Mandarin,30,0.02,Kurdish,25,0.02,70,214
122,SPR,Residential,1,"SPRUCE CLIFF",WEST,ESTABLISHED,1950s,2016/12/21,2023/03/05,684895.0471698113,563.4516509433962,1215.5347242715156,1557344.3243243245,10903.24054054054,142.8331621717223,NULL,NULL,NULL,0,1,0,1,0,1,0,1,2,0,0,"6,963.00","6,828.00",3485,770,13791,Korean,180,0.04,Arabic,85,0.02,Spanish,50,0.01,119,234
130,WND,Residential,1,"WINDSOR PARK",CENTRE,ESTABLISHED,1950s,2016/12/21,2023/03/08,688109.634551495,705.1523255813954,975.831192195461,3157875,35487.375,88.98587173607515,NULL,NULL,NULL,0,1,0,1,0,1,0,0,1,0,0,"2,525.00","2,409.00",3315,760,4934,"Tagalog (Pilipino, Filipino)",155,0.04,Spanish,80,0.02,Korean,60,0.01,201,394
133,WHL,Residential,1,"WEST HILLHURST",CENTRE,ESTABLISHED,"INNER CITY",2016/12/21,2023/04/04,799387.0661672909,420.1590511860175,1902.582043420927,2115167.5555555555,4801.722222222223,440.501856972614,NULL,NULL,NULL,0,1,0,0,0,1,0,0,1,0,0,"4,214.00","4,299.00",5740,425,8513,Mandarin,80,0.01,Spanish,75,0.01,Cantonese,35,0.01,202,320
145,RUT,Residential,1,"RUTLAND PARK",WEST,ESTABLISHED,1950s,2016/12/21,2023/04/13,601622.9745042493,700.2,859.2159018912442,4034002.5,10110.308333333334,398.99895898328185,NULL,NULL,NULL,0,1,0,1,0,0,0,0,0,0,0,"1,780.00","1,669.00",2025,220,3449,Polish,40,0.02,Oromo,40,0.02,Urdu,35,0.02,55,119
153,STA,Residential,1,"ST. ANDREWS HEIGHTS",CENTRE,ESTABLISHED,1950s,2016/12/21,2023/05/29,1069814.8148148148,651.5535802469136,1641.9444958147517,16466662.857142856,25456.235714285714,646.8616586505748,NULL,NULL,NULL,0,1,0,2,1,2,0,0,1,0,0,"4,486.00","4,042.00",1230,120,8528,"Persian (Farsi)",30,0.02,Spanish,20,0.01,Cantonese,15,0.01,87,222
157,SOW,Residential,1,SOUTHWOOD,SOUTH,ESTABLISHED,1960s/1970s,2016/12/21,2023/06/01,436491.93548387097,558.3992607526882,781.6843003973652,6204857.142857143,13513.846428571427,459.1481171296001,NULL,NULL,NULL,0,1,0,4,0,2,1,0,0,0,0,"2,992.00","2,960.00",5025,820,5952,"Tagalog (Pilipino, Filipino)",275,0.04,Spanish,75,0.01,Arabic,50,0.01,248,661
165,SCE,Residential,1,"SCENIC ACRES",NORTHWEST,ESTABLISHED,1980s/1990s,2020/06/23,2023/06/01,560040.9141172135,552.9959085882787,1012.7397064237232,909664.9484536082,12830.365979381444,70.89937651937996,NULL,NULL,NULL,0,1,0,3,0,0,0,0,0,0,0,"1,131.00","1,232.00",7170,910,0,Mandarin,160,0.02,Cantonese,140,0.02,Urdu,105,0.01,84,102
166,TUS,Residential,1,TUSCANY,NORTHWEST,COMPLETE,2000s,2020/06/23,2023/06/01,559836.6346153846,445.6515961538461,1256.220418477128,1016957.1264367816,29674.41091954023,34.27050765031794,NULL,NULL,NULL,0,1,0,4,0,2,0,0,0,0,0,"3,056.00","2,895.00",16460,2425,0,Mandarin,375,0.02,Spanish,310,0.02,Korean,230,0.01,116,317
176,VAR,Residential,1,VARSITY,NORTHWEST,ESTABLISHED,1960s/1970s,2016/12/21,2023/06/07,696518.7983781791,692.9140066347217,1005.2023652414892,7442071.148648648,17692.080405405406,420.6442079233879,NULL,NULL,NULL,0,1,0,6,0,3,0,0,2,0,0,"3,312.00","3,282.00",10405,1875,0,Mandarin,435,0.03,Cantonese,225,0.02,"Persian (Farsi)",190,0.01,304,396
177,SIL,Residential,1,"SILVER SPRINGS",NORTHWEST,ESTABLISHED,1960s/1970s,2020/06/23,2023/06/07,524313.5748261983,586.8818514452983,893.3886327119935,1056043.1368421053,65967.10631578948,16.00863211714559,NULL,NULL,NULL,0,1,0,3,0,0,0,0,0,0,0,357,333,8110,525,0,Mandarin,75,0.01,Spanish,60,0.01,Russian,40,0,114,208
179,UMR,Residential,1,"UPPER MOUNT ROYAL",CENTRE,ESTABLISHED,"INNER CITY",2016/12/21,2023/06/12,1739527.1084337349,765.9427710843373,2271.0927945322915,4329765.833333333,12946.6625,334.4310422345012,NULL,NULL,NULL,0,1,0,1,0,1,0,0,0,0,0,"6,209.00","6,399.00",2330,160,0,Cantonese,45,0.02,"Persian (Farsi)",20,0.01,Russian,15,0.01,101,156
188,WES,Industrial,2,WESTWINDS,NORTHEAST,NULL,EMPLOYMENT,2016/12/21,2023/07/17,NULL,NULL,NULL,1314815.9965337955,7779.284055459273,169.01503880824305,NULL,NULL,NULL,1,0,0,1,0,1,0,0,0,0,0,NULL,NULL,0,0,0,0,0,0,0,0,0,0,0,0,177,527
193,WHI,Residential,1,WHITEHORN,NORTHEAST,ESTABLISHED,1960s/1970s,2016/12/21,2023/07/17,344082.4675324675,433.2394155844156,794.2085949597168,1106977.2727272727,7242.218181818182,152.85058319650935,NULL,NULL,NULL,0,1,0,4,0,1,0,0,0,0,0,"6,459.00","6,388.00",6515,4245,0,"Punjabi (Panjabi)",1050,0.09,"Tagalog (Pilipino, Filipino)",555,0.05,Arabic,420,0.03,319,744
202,SOV,Residential,1,SOUTHVIEW,EAST,ESTABLISHED,1950s,2016/12/21,2023/07/24,369087.2927241963,576.6636209813875,640.0391481190887,2225919.047619048,17309.149999999998,128.59782529003724,NULL,NULL,NULL,0,1,0,1,0,0,0,0,0,0,0,"2,389.00","2,292.00",1540,210,0,Portuguese,35,0.02,Arabic,35,0.02,Romanian,25,0.01,131,618
226,TEM,Residential,1,TEMPLE,NORTHEAST,ESTABLISHED,1960s/1970s,2016/12/21,2023/07/31,340538.8007054673,423.4610582010582,804.1797329656235,1802127.9069767443,7216.63488372093,249.7185926701004,NULL,NULL,NULL,0,1,0,4,0,1,0,0,0,0,0,"5,975.00","5,696.00",7665,2710,0,"Punjabi (Panjabi)",495,0.04,Arabic,350,0.03,Vietnamese,250,0.02,359,710
232,SET,Residential,1,SETON,SOUTHEAST,DEVELOPING,2000s,2016/12/21,2024/01/03,290325.4593175853,280.8965879265092,1033.5670556224163,56024228.571428575,48922.11428571429,1145.171859176744,NULL,NULL,NULL,0,0,0,0,1,0,1,0,1,0,0,184,197,0,0,0,0,0,0,0,0,0,0,0,0,93,184
247,SIG,Residential,1,"SIGNAL HILL",WEST,ESTABLISHED,1980s/1990s,2016/12/21,2024/01/03,646299.2631004367,562.4983351528384,1148.9798684023276,5860907.478991597,14276.891596638656,410.51705403236974,NULL,NULL,NULL,0,0,0,1,0,0,1,0,0,0,0,"2,943.00","3,044.00",10505,2490,0,Korean,320,0.02,Mandarin,300,0.02,Cantonese,255,0.02,261,589
284,SDC,Residential,1,SUNDANCE,SOUTH,ESTABLISHED,1980s/1990s,2016/12/21,2024/02/21,501756.8526281845,500.3784585617543,1002.7547030509508,3271925.0943396227,17647.093396226413,185.4087254413964,NULL,NULL,NULL,0,0,0,5,0,3,0,1,1,0,0,"1,677.00","1,651.00",9140,765,0,Mandarin,160,0.02,"Tagalog (Pilipino, Filipino)",110,0.01,Cantonese,105,0.01,93,185
286,STR,Residential,1,"STRATHCONA PARK",WEST,ESTABLISHED,1980s/1990s,2016/12/21,2024/02/21,632929.3732460244,530.6012160898035,1192.853227722158,1260367.1232876712,8667.97397260274,145.405042432219,NULL,NULL,NULL,0,1,0,3,0,0,0,0,0,0,0,"6,216.00","5,769.00",5805,820,0,Mandarin,110,0.02,Arabic,100,0.01,Cantonese,85,0.01,94,104
299,SHN,Residential,1,SHAWNESSY,SOUTH,ESTABLISHED,1980s/1990s,2016/12/21,2024/02/21,408072.8634039445,446.8447406866325,913.23188178715,7581883.2125,14314.19625,529.6757903888597,NULL,NULL,NULL,0,1,0,3,0,1,1,0,1,0,0,"11,203.00","11,078.00",6995,1775,0,"Tagalog (Pilipino, Filipino)",465,0.05,Mandarin,215,0.02,Spanish,155,0.02,231,914
156,WOO,Residential,1,WOODLANDS,SOUTH,ESTABLISHED,1980s/1990s,2016/12/21,2023/06/01,489079.6098174953,558.6271869100062,875.5026988979773,1671077.3333333333,9511.676666666666,175.68693637259187,NULL,NULL,NULL,0,1,0,2,0,1,0,0,1,0,0,"3,459.00","3,796.00",5155,765,7255,Russian,165,0.03,Spanish,90,0.01,Mandarin,55,0.01,132,310
